job_id,Category,Title,Required_Skills,Description,clean_text
1,HR,Mid-level Hr Specialist,performance management; employee relations; conflict resolution; payroll; hr policies,"We are hiring a Mid-level Hr Specialist. Required skills: performance management, employee relations, conflict resolution, payroll, hr policies. The ideal candidate will have hands-on experience in hr and be able to work independently and within a team. Responsibilities include day-to-day operational tasks, reporting, and collaboration with other departments.",hiring mid level hr specialist required skills performance management employee relations conflict resolution payroll hr policies ideal candidate hands experience hr able work independently within team responsibilities include day day operational tasks reporting collaboration departments
2,HR,Senior Hr Specialist,recruitment; employee relations; talent acquisition,"We are hiring a Senior Hr Specialist. Required skills: recruitment, employee relations, talent acquisition. The ideal candidate will have hands-on experience in hr and be able to work independently and within a team. Responsibilities include day-to-day operational tasks, reporting, and collaboration with other departments.",hiring senior hr specialist required skills recruitment employee relations talent acquisition ideal candidate hands experience hr able work independently within team responsibilities include day day operational tasks reporting collaboration departments
3,HR,Mid-level Hr Specialist,talent acquisition; onboarding; employee relations; payroll,"We are hiring a Mid-level Hr Specialist. Required skills: talent acquisition, onboarding, employee relations, payroll. The ideal candidate will have hands-on experience in hr and be able to work independently and within a team. Responsibilities include day-to-day operational tasks, reporting, and collaboration with other departments.",hiring mid level hr specialist required skills talent acquisition onboarding employee relations payroll ideal candidate hands experience hr able work independently within team responsibilities include day day operational tasks reporting collaboration departments
4,HR,Senior Hr Specialist,hr policies; talent acquisition; employee relations; payroll,"We are hiring a Senior Hr Specialist. Required skills: hr policies, talent acquisition, employee relations, payroll. The ideal candidate will have hands-on experience in hr and be able to work independently and within a team. Responsibilities include day-to-day operational tasks, reporting, and collaboration with other departments.",hiring senior hr specialist required skills hr policies talent acquisition employee relations payroll ideal candidate hands experience hr able work independently within team responsibilities include day day operational tasks reporting collaboration departments
5,HR,Mid-level Hr Specialist,talent acquisition; recruitment; performance management,"We are hiring a Mid-level Hr Specialist. Required skills: talent acquisition, recruitment, performance management. The ideal candidate will have hands-on experience in hr and be able to work independently and within a team. Responsibilities include day-to-day operational tasks, reporting, and collaboration with other departments.",hiring mid level hr specialist required skills talent acquisition recruitment performance management ideal candidate hands experience hr able work independently within team responsibilities include day day operational tasks reporting collaboration departments
6,HR,Junior Hr Specialist,performance management; hr policies; conflict resolution; talent acquisition,"We are hiring a Junior Hr Specialist. Required skills: performance management, hr policies, conflict resolution, talent acquisition. The ideal candidate will have hands-on experience in hr and be able to work independently and within a team. Responsibilities include day-to-day operational tasks, reporting, and collaboration with other departments.",hiring junior hr specialist required skills performance management hr policies conflict resolution talent acquisition ideal candidate hands experience hr able work independently within team responsibilities include day day operational tasks reporting collaboration departments
7,DESIGNER,Mid-level Designer Specialist,photoshop; ui design; ux research; typography; branding,"We are hiring a Mid-level Designer Specialist. Required skills: photoshop, ui design, ux research, typography, branding. The ideal candidate will have hands-on experience in designer and be able to work independently and within a team. Responsibilities include day-to-day operational tasks, reporting, and collaboration with other departments.",hiring mid level designer specialist required skills photoshop ui design ux research typography branding ideal candidate hands experience designer able work independently within team responsibilities include day day operational tasks reporting collaboration departments
8,DESIGNER,Mid-level Designer Specialist,adobe xd; ux research; illustrator; ui design; figma,"We are hiring a Mid-level Designer Specialist. Required skills: adobe xd, ux research, illustrator, ui design, figma. The ideal candidate will have hands-on experience in designer and be able to work independently and within a team. Responsibilities include day-to-day operational tasks, reporting, and collaboration with other departments.",hiring mid level designer specialist required skills adobe xd ux research illustrator ui design figma ideal candidate hands experience designer able work independently within team responsibilities include day day operational tasks reporting collaboration departments
9,DESIGNER,Mid-level Designer Specialist,branding; ui design; ux research,"We are hiring a Mid-level Designer Specialist. Required skills: branding, ui design, ux research. The ideal candidate will have hands-on experience in designer and be able to work independently and within a team. Responsibilities include day-to-day operational tasks, reporting, and collaboration with other departments.",hiring mid level designer specialist required skills branding ui design ux research ideal candidate hands experience designer able work independently within team responsibilities include day day operational tasks reporting collaboration departments
10,DESIGNER,Senior Designer Specialist,ux research; typography; photoshop; ui design,"We are hiring a Senior Designer Specialist. Required skills: ux research, typography, photoshop, ui design. The ideal candidate will have hands-on experience in designer and be able to work independently and within a team. Responsibilities include day-to-day operational tasks, reporting, and collaboration with other departments.",hiring senior designer specialist required skills ux research typography photoshop ui design ideal candidate hands experience designer able work independently within team responsibilities include day day operational tasks reporting collaboration departments
11,DESIGNER,Senior Designer Specialist,photoshop; ui design; typography; adobe xd,"We are hiring a Senior Designer Specialist. Required skills: photoshop, ui design, typography, adobe xd. The ideal candidate will have hands-on experience in designer and be able to work independently and within a team. Responsibilities include day-to-day operational tasks, reporting, and collaboration with other departments.",hiring senior designer specialist required skills photoshop ui design typography adobe xd ideal candidate hands experience designer able work independently within team responsibilities include day day operational tasks reporting collaboration departments
12,DESIGNER,Junior Designer Specialist,adobe xd; ui design; photoshop; illustrator; figma; branding,"We are hiring a Junior Designer Specialist. Required skills: adobe xd, ui design, photoshop, illustrator, figma, branding. The ideal candidate will have hands-on experience in designer and be able to work independently and within a team. Responsibilities include day-to-day operational tasks, reporting, and collaboration with other departments.",hiring junior designer specialist required skills adobe xd ui design photoshop illustrator figma branding ideal candidate hands experience designer able work independently within team responsibilities include day day operational tasks reporting collaboration departments
13,INFORMATION-TECHNOLOGY,Mid-level Information Technology Specialist,git; rest api; aws,"We are hiring a Mid-level Information Technology Specialist. Required skills: git, rest api, aws. The ideal candidate will have hands-on experience in information technology and be able to work independently and within a team. Responsibilities include day-to-day operational tasks, reporting, and collaboration with other departments.",hiring mid level information technology specialist required skills git rest api aws ideal candidate hands experience information technology able work independently within team responsibilities include day day operational tasks reporting collaboration departments
14,INFORMATION-TECHNOLOGY,Senior Information Technology Specialist,java; aws; rest api; linux,"We are hiring a Senior Information Technology Specialist. Required skills: java, aws, rest api, linux. The ideal candidate will have hands-on experience in information technology and be able to work independently and within a team. Responsibilities include day-to-day operational tasks, reporting, and collaboration with other departments.",hiring senior information technology specialist required skills java aws rest api linux ideal candidate hands experience information technology able work independently within team responsibilities include day day operational tasks reporting collaboration departments
15,INFORMATION-TECHNOLOGY,Senior Information Technology Specialist,docker; python; aws; sql; git,"We are hiring a Senior Information Technology Specialist. Required skills: docker, python, aws, sql, git. The ideal candidate will have hands-on experience in information technology and be able to work independently and within a team. Responsibilities include day-to-day operational tasks, reporting, and collaboration with other departments.",hiring senior information technology specialist required skills docker python aws sql git ideal candidate hands experience information technology able work independently within team responsibilities include day day operational tasks reporting collaboration departments
16,INFORMATION-TECHNOLOGY,Senior Information Technology Specialist,java; rest api; linux; git; python,"We are hiring a Senior Information Technology Specialist. Required skills: java, rest api, linux, git, python. The ideal candidate will have hands-on experience in information technology and be able to work independently and within a team. Responsibilities include day-to-day operational tasks, reporting, and collaboration with other departments.",hiring senior information technology specialist required skills java rest api linux git python ideal candidate hands experience information technology able work independently within team responsibilities include day day operational tasks reporting collaboration departments
17,INFORMATION-TECHNOLOGY,Senior Information Technology Specialist,aws; sql; java; networking,"We are hiring a Senior Information Technology Specialist. Required skills: aws, sql, java, networking. The ideal candidate will have hands-on experience in information technology and be able to work independently and within a team. Responsibilities include day-to-day operational tasks, reporting, and collaboration with other departments.",hiring senior information technology specialist required skills aws sql java networking ideal candidate hands experience information technology able work independently within team responsibilities include day day operational tasks reporting collaboration departments
18,INFORMATION-TECHNOLOGY,Senior Information Technology Specialist,linux; aws; java; rest api; sql; git,"We are hiring a Senior Information Technology Specialist. Required skills: linux, aws, java, rest api, sql, git. The ideal candidate will have hands-on experience in information technology and be able to work independently and within a team. Responsibilities include day-to-day operational tasks, reporting, and collaboration with other departments.",hiring senior information technology specialist required skills linux aws java rest api sql git ideal candidate hands experience information technology able work independently within team responsibilities include day day operational tasks reporting collaboration departments
19,TEACHER,Senior Teacher Specialist,lesson planning; curriculum design; student assessment; special education; classroom management,"We are hiring a Senior Teacher Specialist. Required skills: lesson planning, curriculum design, student assessment, special education, classroom management. The ideal candidate will have hands-on experience in teacher and be able to work independently and within a team. Responsibilities include day-to-day operational tasks, reporting, and collaboration with other departments.",hiring senior teacher specialist required skills lesson planning curriculum design student assessment special education classroom management ideal candidate hands experience teacher able work independently within team responsibilities include day day operational tasks reporting collaboration departments
20,TEACHER,Junior Teacher Specialist,classroom management; special education; communication,"We are hiring a Junior Teacher Specialist. Required skills: classroom management, special education, communication. The ideal candidate will have hands-on experience in teacher and be able to work independently and within a team. Responsibilities include day-to-day operational tasks, reporting, and collaboration with other departments.",hiring junior teacher specialist required skills classroom management special education communication ideal candidate hands experience teacher able work independently within team responsibilities include day day operational tasks reporting collaboration departments
21,TEACHER,Senior Teacher Specialist,student assessment; special education; lesson planning; classroom management; curriculum design,"We are hiring a Senior Teacher Specialist. Required skills: student assessment, special education, lesson planning, classroom management, curriculum design. The ideal candidate will have hands-on experience in teacher and be able to work independently and within a team. Responsibilities include day-to-day operational tasks, reporting, and collaboration with other departments.",hiring senior teacher specialist required skills student assessment special education lesson planning classroom management curriculum design ideal candidate hands experience teacher able work independently within team responsibilities include day day operational tasks reporting collaboration departments
22,TEACHER,Mid-level Teacher Specialist,lesson planning; communication; classroom management; curriculum design; student assessment,"We are hiring a Mid-level Teacher Specialist. Required skills: lesson planning, communication, classroom management, curriculum design, student assessment. The ideal candidate will have hands-on experience in teacher and be able to work independently and within a team. Responsibilities include day-to-day operational tasks, reporting, and collaboration with other departments.",hiring mid level teacher specialist required skills lesson planning communication classroom management curriculum design student assessment ideal candidate hands experience teacher able work independently within team responsibilities include day day operational tasks reporting collaboration departments
23,TEACHER,Junior Teacher Specialist,curriculum design; student assessment; lesson planning; communication; special education,"We are hiring a Junior Teacher Specialist. Required skills: curriculum design, student assessment, lesson planning, communication, special education. The ideal candidate will have hands-on experience in teacher and be able to work independently and within a team. Responsibilities include day-to-day operational tasks, reporting, and collaboration with other departments.",hiring junior teacher specialist required skills curriculum design student assessment lesson planning communication special education ideal candidate hands experience teacher able work independently within team responsibilities include day day operational tasks reporting collaboration departments
24,TEACHER,Mid-level Teacher Specialist,lesson planning; student assessment; curriculum design; special education; communication; classroom management,"We are hiring a Mid-level Teacher Specialist. Required skills: lesson planning, student assessment, curriculum design, special education, communication, classroom management. The ideal candidate will have hands-on experience in teacher and be able to work independently and within a team. Responsibilities include day-to-day operational tasks, reporting, and collaboration with other departments.",hiring mid level teacher specialist required skills lesson planning student assessment curriculum design special education communication classroom management ideal candidate hands experience teacher able work independently within team responsibilities include day day operational tasks reporting collaboration departments
25,ADVOCATE,Junior Advocate Specialist,contract drafting; negotiation; legal writing; litigation; case management,"We are hiring a Junior Advocate Specialist. Required skills: contract drafting, negotiation, legal writing, litigation, case management. The ideal candidate will have hands-on experience in advocate and be able to work independently and within a team. Responsibilities include day-to-day operational tasks, reporting, and collaboration with other departments.",hiring junior advocate specialist required skills contract drafting negotiation legal writing litigation case management ideal candidate hands experience advocate able work independently within team responsibilities include day day operational tasks reporting collaboration departments
26,ADVOCATE,Senior Advocate Specialist,legal research; negotiation; litigation; contract drafting,"We are hiring a Senior Advocate Specialist. Required skills: legal research, negotiation, litigation, contract drafting. The ideal candidate will have hands-on experience in advocate and be able to work independently and within a team. Responsibilities include day-to-day operational tasks, reporting, and collaboration with other departments.",hiring senior advocate specialist required skills legal research negotiation litigation contract drafting ideal candidate hands experience advocate able work independently within team responsibilities include day day operational tasks reporting collaboration departments
27,ADVOCATE,Senior Advocate Specialist,legal writing; litigation; case management,"We are hiring a Senior Advocate Specialist. Required skills: legal writing, litigation, case management. The ideal candidate will have hands-on experience in advocate and be able to work independently and within a team. Responsibilities include day-to-day operational tasks, reporting, and collaboration with other departments.",hiring senior advocate specialist required skills legal writing litigation case management ideal candidate hands experience advocate able work independently within team responsibilities include day day operational tasks reporting collaboration departments
28,ADVOCATE,Mid-level Advocate Specialist,case management; contract drafting; legal research,"We are hiring a Mid-level Advocate Specialist. Required skills: case management, contract drafting, legal research. The ideal candidate will have hands-on experience in advocate and be able to work independently and within a team. Responsibilities include day-to-day operational tasks, reporting, and collaboration with other departments.",hiring mid level advocate specialist required skills case management contract drafting legal research ideal candidate hands experience advocate able work independently within team responsibilities include day day operational tasks reporting collaboration departments
29,ADVOCATE,Mid-level Advocate Specialist,legal research; litigation; negotiation; legal writing; contract drafting; case management,"We are hiring a Mid-level Advocate Specialist. Required skills: legal research, litigation, negotiation, legal writing, contract drafting, case management. The ideal candidate will have hands-on experience in advocate and be able to work independently and within a team. Responsibilities include day-to-day operational tasks, reporting, and collaboration with other departments.",hiring mid level advocate specialist required skills legal research litigation negotiation legal writing contract drafting case management ideal candidate hands experience advocate able work independently within team responsibilities include day day operational tasks reporting collaboration departments
30,ADVOCATE,Senior Advocate Specialist,contract drafting; legal writing; case management; negotiation; litigation; legal research,"We are hiring a Senior Advocate Specialist. Required skills: contract drafting, legal writing, case management, negotiation, litigation, legal research. The ideal candidate will have hands-on experience in advocate and be able to work independently and within a team. Responsibilities include day-to-day operational tasks, reporting, and collaboration with other departments.",hiring senior advocate specialist required skills contract drafting legal writing case management negotiation litigation legal research ideal candidate hands experience advocate able work independently within team responsibilities include day day operational tasks reporting collaboration departments
31,BUSINESS-DEVELOPMENT,Mid-level Business Development Specialist,negotiation; sales strategy; partnership building,"We are hiring a Mid-level Business Development Specialist. Required skills: negotiation, sales strategy, partnership building. The ideal candidate will have hands-on experience in business development and be able to work independently and within a team. Responsibilities include day-to-day operational tasks, reporting, and collaboration with other departments.",hiring mid level business development specialist required skills negotiation sales strategy partnership building ideal candidate hands experience business development able work independently within team responsibilities include day day operational tasks reporting collaboration departments
32,BUSINESS-DEVELOPMENT,Junior Business Development Specialist,partnership building; negotiation; lead generation; crm; market research,"We are hiring a Junior Business Development Specialist. Required skills: partnership building, negotiation, lead generation, crm, market research. The ideal candidate will have hands-on experience in business development and be able to work independently and within a team. Responsibilities include day-to-day operational tasks, reporting, and collaboration with other departments.",hiring junior business development specialist required skills partnership building negotiation lead generation crm market research ideal candidate hands experience business development able work independently within team responsibilities include day day operational tasks reporting collaboration departments
33,BUSINESS-DEVELOPMENT,Senior Business Development Specialist,crm; lead generation; sales strategy; market research; negotiation,"We are hiring a Senior Business Development Specialist. Required skills: crm, lead generation, sales strategy, market research, negotiation. The ideal candidate will have hands-on experience in business development and be able to work independently and within a team. Responsibilities include day-to-day operational tasks, reporting, and collaboration with other departments.",hiring senior business development specialist required skills crm lead generation sales strategy market research negotiation ideal candidate hands experience business development able work independently within team responsibilities include day day operational tasks reporting collaboration departments
34,BUSINESS-DEVELOPMENT,Junior Business Development Specialist,market research; sales strategy; partnership building; crm; negotiation,"We are hiring a Junior Business Development Specialist. Required skills: market research, sales strategy, partnership building, crm, negotiation. The ideal candidate will have hands-on experience in business development and be able to work independently and within a team. Responsibilities include day-to-day operational tasks, reporting, and collaboration with other departments.",hiring junior business development specialist required skills market research sales strategy partnership building crm negotiation ideal candidate hands experience business development able work independently within team responsibilities include day day operational tasks reporting collaboration departments
35,BUSINESS-DEVELOPMENT,Junior Business Development Specialist,negotiation; crm; lead generation,"We are hiring a Junior Business Development Specialist. Required skills: negotiation, crm, lead generation. The ideal candidate will have hands-on experience in business development and be able to work independently and within a team. Responsibilities include day-to-day operational tasks, reporting, and collaboration with other departments.",hiring junior business development specialist required skills negotiation crm lead generation ideal candidate hands experience business development able work independently within team responsibilities include day day operational tasks reporting collaboration departments
36,BUSINESS-DEVELOPMENT,Mid-level Business Development Specialist,sales strategy; market research; crm; negotiation,"We are hiring a Mid-level Business Development Specialist. Required skills: sales strategy, market research, crm, negotiation. The ideal candidate will have hands-on experience in business development and be able to work independently and within a team. Responsibilities include day-to-day operational tasks, reporting, and collaboration with other departments.",hiring mid level business development specialist required skills sales strategy market research crm negotiation ideal candidate hands experience business development able work independently within team responsibilities include day day operational tasks reporting collaboration departments
37,HEALTHCARE,Senior Healthcare Specialist,hipaa compliance; vital signs monitoring; patient care; nursing,"We are hiring a Senior Healthcare Specialist. Required skills: hipaa compliance, vital signs monitoring, patient care, nursing. The ideal candidate will have hands-on experience in healthcare and be able to work independently and within a team. Responsibilities include day-to-day operational tasks, reporting, and collaboration with other departments.",hiring senior healthcare specialist required skills hipaa compliance vital signs monitoring patient care nursing ideal candidate hands experience healthcare able work independently within team responsibilities include day day operational tasks reporting collaboration departments
38,HEALTHCARE,Mid-level Healthcare Specialist,medical records; patient care; hipaa compliance; nursing,"We are hiring a Mid-level Healthcare Specialist. Required skills: medical records, patient care, hipaa compliance, nursing. The ideal candidate will have hands-on experience in healthcare and be able to work independently and within a team. Responsibilities include day-to-day operational tasks, reporting, and collaboration with other departments.",hiring mid level healthcare specialist required skills medical records patient care hipaa compliance nursing ideal candidate hands experience healthcare able work independently within team responsibilities include day day operational tasks reporting collaboration departments
39,HEALTHCARE,Senior Healthcare Specialist,hipaa compliance; patient care; nursing,"We are hiring a Senior Healthcare Specialist. Required skills: hipaa compliance, patient care, nursing. The ideal candidate will have hands-on experience in healthcare and be able to work independently and within a team. Responsibilities include day-to-day operational tasks, reporting, and collaboration with other departments.",hiring senior healthcare specialist required skills hipaa compliance patient care nursing ideal candidate hands experience healthcare able work independently within team responsibilities include day day operational tasks reporting collaboration departments
40,HEALTHCARE,Senior Healthcare Specialist,hipaa compliance; nursing; patient care,"We are hiring a Senior Healthcare Specialist. Required skills: hipaa compliance, nursing, patient care. The ideal candidate will have hands-on experience in healthcare and be able to work independently and within a team. Responsibilities include day-to-day operational tasks, reporting, and collaboration with other departments.",hiring senior healthcare specialist required skills hipaa compliance nursing patient care ideal candidate hands experience healthcare able work independently within team responsibilities include day day operational tasks reporting collaboration departments
41,HEALTHCARE,Junior Healthcare Specialist,clinical procedures; patient care; medical records,"We are hiring a Junior Healthcare Specialist. Required skills: clinical procedures, patient care, medical records. The ideal candidate will have hands-on experience in healthcare and be able to work independently and within a team. Responsibilities include day-to-day operational tasks, reporting, and collaboration with other departments.",hiring junior healthcare specialist required skills clinical procedures patient care medical records ideal candidate hands experience healthcare able work independently within team responsibilities include day day operational tasks reporting collaboration departments
42,HEALTHCARE,Mid-level Healthcare Specialist,medical records; vital signs monitoring; nursing,"We are hiring a Mid-level Healthcare Specialist. Required skills: medical records, vital signs monitoring, nursing. The ideal candidate will have hands-on experience in healthcare and be able to work independently and within a team. Responsibilities include day-to-day operational tasks, reporting, and collaboration with other departments.",hiring mid level healthcare specialist required skills medical records vital signs monitoring nursing ideal candidate hands experience healthcare able work independently within team responsibilities include day day operational tasks reporting collaboration departments
43,FITNESS,Junior Fitness Specialist,client assessment; personal training; nutrition planning; group fitness; exercise programming,"We are hiring a Junior Fitness Specialist. Required skills: client assessment, personal training, nutrition planning, group fitness, exercise programming. The ideal candidate will have hands-on experience in fitness and be able to work independently and within a team. Responsibilities include day-to-day operational tasks, reporting, and collaboration with other departments.",hiring junior fitness specialist required skills client assessment personal training nutrition planning group fitness exercise programming ideal candidate hands experience fitness able work independently within team responsibilities include day day operational tasks reporting collaboration departments
44,FITNESS,Junior Fitness Specialist,exercise programming; nutrition planning; group fitness,"We are hiring a Junior Fitness Specialist. Required skills: exercise programming, nutrition planning, group fitness. The ideal candidate will have hands-on experience in fitness and be able to work independently and within a team. Responsibilities include day-to-day operational tasks, reporting, and collaboration with other departments.",hiring junior fitness specialist required skills exercise programming nutrition planning group fitness ideal candidate hands experience fitness able work independently within team responsibilities include day day operational tasks reporting collaboration departments
45,FITNESS,Senior Fitness Specialist,nutrition planning; client assessment; group fitness; personal training,"We are hiring a Senior Fitness Specialist. Required skills: nutrition planning, client assessment, group fitness, personal training. The ideal candidate will have hands-on experience in fitness and be able to work independently and within a team. Responsibilities include day-to-day operational tasks, reporting, and collaboration with other departments.",hiring senior fitness specialist required skills nutrition planning client assessment group fitness personal training ideal candidate hands experience fitness able work independently within team responsibilities include day day operational tasks reporting collaboration departments
46,FITNESS,Junior Fitness Specialist,client assessment; exercise programming; group fitness; personal training,"We are hiring a Junior Fitness Specialist. Required skills: client assessment, exercise programming, group fitness, personal training. The ideal candidate will have hands-on experience in fitness and be able to work independently and within a team. Responsibilities include day-to-day operational tasks, reporting, and collaboration with other departments.",hiring junior fitness specialist required skills client assessment exercise programming group fitness personal training ideal candidate hands experience fitness able work independently within team responsibilities include day day operational tasks reporting collaboration departments
47,FITNESS,Mid-level Fitness Specialist,group fitness; nutrition planning; personal training,"We are hiring a Mid-level Fitness Specialist. Required skills: group fitness, nutrition planning, personal training. The ideal candidate will have hands-on experience in fitness and be able to work independently and within a team. Responsibilities include day-to-day operational tasks, reporting, and collaboration with other departments.",hiring mid level fitness specialist required skills group fitness nutrition planning personal training ideal candidate hands experience fitness able work independently within team responsibilities include day day operational tasks reporting collaboration departments
48,FITNESS,Junior Fitness Specialist,nutrition planning; client assessment; exercise programming,"We are hiring a Junior Fitness Specialist. Required skills: nutrition planning, client assessment, exercise programming. The ideal candidate will have hands-on experience in fitness and be able to work independently and within a team. Responsibilities include day-to-day operational tasks, reporting, and collaboration with other departments.",hiring junior fitness specialist required skills nutrition planning client assessment exercise programming ideal candidate hands experience fitness able work independently within team responsibilities include day day operational tasks reporting collaboration departments
49,AGRICULTURE,Senior Agriculture Specialist,pest control; irrigation systems; crop management,"We are hiring a Senior Agriculture Specialist. Required skills: pest control, irrigation systems, crop management. The ideal candidate will have hands-on experience in agriculture and be able to work independently and within a team. Responsibilities include day-to-day operational tasks, reporting, and collaboration with other departments.",hiring senior agriculture specialist required skills pest control irrigation systems crop management ideal candidate hands experience agriculture able work independently within team responsibilities include day day operational tasks reporting collaboration departments
50,AGRICULTURE,Junior Agriculture Specialist,farm equipment operation; pest control; soil analysis; irrigation systems,"We are hiring a Junior Agriculture Specialist. Required skills: farm equipment operation, pest control, soil analysis, irrigation systems. The ideal candidate will have hands-on experience in agriculture and be able to work independently and within a team. Responsibilities include day-to-day operational tasks, reporting, and collaboration with other departments.",hiring junior agriculture specialist required skills farm equipment operation pest control soil analysis irrigation systems ideal candidate hands experience agriculture able work independently within team responsibilities include day day operational tasks reporting collaboration departments
51,AGRICULTURE,Senior Agriculture Specialist,crop management; soil analysis; irrigation systems; farm equipment operation; pest control,"We are hiring a Senior Agriculture Specialist. Required skills: crop management, soil analysis, irrigation systems, farm equipment operation, pest control. The ideal candidate will have hands-on experience in agriculture and be able to work independently and within a team. Responsibilities include day-to-day operational tasks, reporting, and collaboration with other departments.",hiring senior agriculture specialist required skills crop management soil analysis irrigation systems farm equipment operation pest control ideal candidate hands experience agriculture able work independently within team responsibilities include day day operational tasks reporting collaboration departments
52,AGRICULTURE,Junior Agriculture Specialist,irrigation systems; pest control; crop management; farm equipment operation; soil analysis,"We are hiring a Junior Agriculture Specialist. Required skills: irrigation systems, pest control, crop management, farm equipment operation, soil analysis. The ideal candidate will have hands-on experience in agriculture and be able to work independently and within a team. Responsibilities include day-to-day operational tasks, reporting, and collaboration with other departments.",hiring junior agriculture specialist required skills irrigation systems pest control crop management farm equipment operation soil analysis ideal candidate hands experience agriculture able work independently within team responsibilities include day day operational tasks reporting collaboration departments
53,AGRICULTURE,Mid-level Agriculture Specialist,pest control; crop management; farm equipment operation; soil analysis,"We are hiring a Mid-level Agriculture Specialist. Required skills: pest control, crop management, farm equipment operation, soil analysis. The ideal candidate will have hands-on experience in agriculture and be able to work independently and within a team. Responsibilities include day-to-day operational tasks, reporting, and collaboration with other departments.",hiring mid level agriculture specialist required skills pest control crop management farm equipment operation soil analysis ideal candidate hands experience agriculture able work independently within team responsibilities include day day operational tasks reporting collaboration departments
54,AGRICULTURE,Senior Agriculture Specialist,soil analysis; pest control; irrigation systems,"We are hiring a Senior Agriculture Specialist. Required skills: soil analysis, pest control, irrigation systems. The ideal candidate will have hands-on experience in agriculture and be able to work independently and within a team. Responsibilities include day-to-day operational tasks, reporting, and collaboration with other departments.",hiring senior agriculture specialist required skills soil analysis pest control irrigation systems ideal candidate hands experience agriculture able work independently within team responsibilities include day day operational tasks reporting collaboration departments
55,BPO,Mid-level Bpo Specialist,crm software; complaint resolution; communication; customer service; call handling; typing speed,"We are hiring a Mid-level Bpo Specialist. Required skills: crm software, complaint resolution, communication, customer service, call handling, typing speed. The ideal candidate will have hands-on experience in bpo and be able to work independently and within a team. Responsibilities include day-to-day operational tasks, reporting, and collaboration with other departments.",hiring mid level bpo specialist required skills crm software complaint resolution communication customer service call handling typing speed ideal candidate hands experience bpo able work independently within team responsibilities include day day operational tasks reporting collaboration departments
56,BPO,Senior Bpo Specialist,complaint resolution; typing speed; customer service,"We are hiring a Senior Bpo Specialist. Required skills: complaint resolution, typing speed, customer service. The ideal candidate will have hands-on experience in bpo and be able to work independently and within a team. Responsibilities include day-to-day operational tasks, reporting, and collaboration with other departments.",hiring senior bpo specialist required skills complaint resolution typing speed customer service ideal candidate hands experience bpo able work independently within team responsibilities include day day operational tasks reporting collaboration departments
57,BPO,Junior Bpo Specialist,crm software; typing speed; call handling; communication; complaint resolution; customer service,"We are hiring a Junior Bpo Specialist. Required skills: crm software, typing speed, call handling, communication, complaint resolution, customer service. The ideal candidate will have hands-on experience in bpo and be able to work independently and within a team. Responsibilities include day-to-day operational tasks, reporting, and collaboration with other departments.",hiring junior bpo specialist required skills crm software typing speed call handling communication complaint resolution customer service ideal candidate hands experience bpo able work independently within team responsibilities include day day operational tasks reporting collaboration departments
58,BPO,Senior Bpo Specialist,typing speed; call handling; communication; crm software; complaint resolution,"We are hiring a Senior Bpo Specialist. Required skills: typing speed, call handling, communication, crm software, complaint resolution. The ideal candidate will have hands-on experience in bpo and be able to work independently and within a team. Responsibilities include day-to-day operational tasks, reporting, and collaboration with other departments.",hiring senior bpo specialist required skills typing speed call handling communication crm software complaint resolution ideal candidate hands experience bpo able work independently within team responsibilities include day day operational tasks reporting collaboration departments
59,BPO,Junior Bpo Specialist,typing speed; communication; crm software; customer service; call handling,"We are hiring a Junior Bpo Specialist. Required skills: typing speed, communication, crm software, customer service, call handling. The ideal candidate will have hands-on experience in bpo and be able to work independently and within a team. Responsibilities include day-to-day operational tasks, reporting, and collaboration with other departments.",hiring junior bpo specialist required skills typing speed communication crm software customer service call handling ideal candidate hands experience bpo able work independently within team responsibilities include day day operational tasks reporting collaboration departments
60,BPO,Junior Bpo Specialist,typing speed; crm software; communication; call handling; complaint resolution,"We are hiring a Junior Bpo Specialist. Required skills: typing speed, crm software, communication, call handling, complaint resolution. The ideal candidate will have hands-on experience in bpo and be able to work independently and within a team. Responsibilities include day-to-day operational tasks, reporting, and collaboration with other departments.",hiring junior bpo specialist required skills typing speed crm software communication call handling complaint resolution ideal candidate hands experience bpo able work independently within team responsibilities include day day operational tasks reporting collaboration departments
61,SALES,Mid-level Sales Specialist,cold calling; salesforce; lead conversion; target achievement; customer relationship management; negotiation,"We are hiring a Mid-level Sales Specialist. Required skills: cold calling, salesforce, lead conversion, target achievement, customer relationship management, negotiation. The ideal candidate will have hands-on experience in sales and be able to work independently and within a team. Responsibilities include day-to-day operational tasks, reporting, and collaboration with other departments.",hiring mid level sales specialist required skills cold calling salesforce lead conversion target achievement customer relationship management negotiation ideal candidate hands experience sales able work independently within team responsibilities include day day operational tasks reporting collaboration departments
62,SALES,Mid-level Sales Specialist,customer relationship management; salesforce; target achievement,"We are hiring a Mid-level Sales Specialist. Required skills: customer relationship management, salesforce, target achievement. The ideal candidate will have hands-on experience in sales and be able to work independently and within a team. Responsibilities include day-to-day operational tasks, reporting, and collaboration with other departments.",hiring mid level sales specialist required skills customer relationship management salesforce target achievement ideal candidate hands experience sales able work independently within team responsibilities include day day operational tasks reporting collaboration departments
63,SALES,Junior Sales Specialist,target achievement; lead conversion; negotiation,"We are hiring a Junior Sales Specialist. Required skills: target achievement, lead conversion, negotiation. The ideal candidate will have hands-on experience in sales and be able to work independently and within a team. Responsibilities include day-to-day operational tasks, reporting, and collaboration with other departments.",hiring junior sales specialist required skills target achievement lead conversion negotiation ideal candidate hands experience sales able work independently within team responsibilities include day day operational tasks reporting collaboration departments
64,SALES,Senior Sales Specialist,cold calling; target achievement; negotiation; customer relationship management; salesforce; lead conversion,"We are hiring a Senior Sales Specialist. Required skills: cold calling, target achievement, negotiation, customer relationship management, salesforce, lead conversion. The ideal candidate will have hands-on experience in sales and be able to work independently and within a team. Responsibilities include day-to-day operational tasks, reporting, and collaboration with other departments.",hiring senior sales specialist required skills cold calling target achievement negotiation customer relationship management salesforce lead conversion ideal candidate hands experience sales able work independently within team responsibilities include day day operational tasks reporting collaboration departments
65,SALES,Junior Sales Specialist,cold calling; negotiation; lead conversion; customer relationship management; salesforce; target achievement,"We are hiring a Junior Sales Specialist. Required skills: cold calling, negotiation, lead conversion, customer relationship management, salesforce, target achievement. The ideal candidate will have hands-on experience in sales and be able to work independently and within a team. Responsibilities include day-to-day operational tasks, reporting, and collaboration with other departments.",hiring junior sales specialist required skills cold calling negotiation lead conversion customer relationship management salesforce target achievement ideal candidate hands experience sales able work independently within team responsibilities include day day operational tasks reporting collaboration departments
66,SALES,Mid-level Sales Specialist,target achievement; lead conversion; customer relationship management,"We are hiring a Mid-level Sales Specialist. Required skills: target achievement, lead conversion, customer relationship management. The ideal candidate will have hands-on experience in sales and be able to work independently and within a team. Responsibilities include day-to-day operational tasks, reporting, and collaboration with other departments.",hiring mid level sales specialist required skills target achievement lead conversion customer relationship management ideal candidate hands experience sales able work independently within team responsibilities include day day operational tasks reporting collaboration departments
67,CONSULTANT,Mid-level Consultant Specialist,presentation skills; process improvement; strategy development; business analysis; stakeholder management,"We are hiring a Mid-level Consultant Specialist. Required skills: presentation skills, process improvement, strategy development, business analysis, stakeholder management. The ideal candidate will have hands-on experience in consultant and be able to work independently and within a team. Responsibilities include day-to-day operational tasks, reporting, and collaboration with other departments.",hiring mid level consultant specialist required skills presentation skills process improvement strategy development business analysis stakeholder management ideal candidate hands experience consultant able work independently within team responsibilities include day day operational tasks reporting collaboration departments
68,CONSULTANT,Senior Consultant Specialist,business analysis; stakeholder management; strategy development; presentation skills,"We are hiring a Senior Consultant Specialist. Required skills: business analysis, stakeholder management, strategy development, presentation skills. The ideal candidate will have hands-on experience in consultant and be able to work independently and within a team. Responsibilities include day-to-day operational tasks, reporting, and collaboration with other departments.",hiring senior consultant specialist required skills business analysis stakeholder management strategy development presentation skills ideal candidate hands experience consultant able work independently within team responsibilities include day day operational tasks reporting collaboration departments
69,CONSULTANT,Mid-level Consultant Specialist,stakeholder management; process improvement; strategy development; presentation skills; business analysis,"We are hiring a Mid-level Consultant Specialist. Required skills: stakeholder management, process improvement, strategy development, presentation skills, business analysis. The ideal candidate will have hands-on experience in consultant and be able to work independently and within a team. Responsibilities include day-to-day operational tasks, reporting, and collaboration with other departments.",hiring mid level consultant specialist required skills stakeholder management process improvement strategy development presentation skills business analysis ideal candidate hands experience consultant able work independently within team responsibilities include day day operational tasks reporting collaboration departments
70,CONSULTANT,Senior Consultant Specialist,business analysis; presentation skills; process improvement,"We are hiring a Senior Consultant Specialist. Required skills: business analysis, presentation skills, process improvement. The ideal candidate will have hands-on experience in consultant and be able to work independently and within a team. Responsibilities include day-to-day operational tasks, reporting, and collaboration with other departments.",hiring senior consultant specialist required skills business analysis presentation skills process improvement ideal candidate hands experience consultant able work independently within team responsibilities include day day operational tasks reporting collaboration departments
71,CONSULTANT,Senior Consultant Specialist,presentation skills; business analysis; process improvement; stakeholder management; strategy development,"We are hiring a Senior Consultant Specialist. Required skills: presentation skills, business analysis, process improvement, stakeholder management, strategy development. The ideal candidate will have hands-on experience in consultant and be able to work independently and within a team. Responsibilities include day-to-day operational tasks, reporting, and collaboration with other departments.",hiring senior consultant specialist required skills presentation skills business analysis process improvement stakeholder management strategy development ideal candidate hands experience consultant able work independently within team responsibilities include day day operational tasks reporting collaboration departments
72,CONSULTANT,Senior Consultant Specialist,strategy development; business analysis; process improvement,"We are hiring a Senior Consultant Specialist. Required skills: strategy development, business analysis, process improvement. The ideal candidate will have hands-on experience in consultant and be able to work independently and within a team. Responsibilities include day-to-day operational tasks, reporting, and collaboration with other departments.",hiring senior consultant specialist required skills strategy development business analysis process improvement ideal candidate hands experience consultant able work independently within team responsibilities include day day operational tasks reporting collaboration departments
73,DIGITAL-MEDIA,Mid-level Digital Media Specialist,google analytics; seo; social media marketing; video editing; copywriting; content strategy,"We are hiring a Mid-level Digital Media Specialist. Required skills: google analytics, seo, social media marketing, video editing, copywriting, content strategy. The ideal candidate will have hands-on experience in digital media and be able to work independently and within a team. Responsibilities include day-to-day operational tasks, reporting, and collaboration with other departments.",hiring mid level digital media specialist required skills google analytics seo social media marketing video editing copywriting content strategy ideal candidate hands experience digital media able work independently within team responsibilities include day day operational tasks reporting collaboration departments
74,DIGITAL-MEDIA,Mid-level Digital Media Specialist,copywriting; seo; google analytics,"We are hiring a Mid-level Digital Media Specialist. Required skills: copywriting, seo, google analytics. The ideal candidate will have hands-on experience in digital media and be able to work independently and within a team. Responsibilities include day-to-day operational tasks, reporting, and collaboration with other departments.",hiring mid level digital media specialist required skills copywriting seo google analytics ideal candidate hands experience digital media able work independently within team responsibilities include day day operational tasks reporting collaboration departments
75,DIGITAL-MEDIA,Mid-level Digital Media Specialist,social media marketing; content strategy; video editing,"We are hiring a Mid-level Digital Media Specialist. Required skills: social media marketing, content strategy, video editing. The ideal candidate will have hands-on experience in digital media and be able to work independently and within a team. Responsibilities include day-to-day operational tasks, reporting, and collaboration with other departments.",hiring mid level digital media specialist required skills social media marketing content strategy video editing ideal candidate hands experience digital media able work independently within team responsibilities include day day operational tasks reporting collaboration departments
76,DIGITAL-MEDIA,Senior Digital Media Specialist,copywriting; google analytics; video editing; content strategy; seo,"We are hiring a Senior Digital Media Specialist. Required skills: copywriting, google analytics, video editing, content strategy, seo. The ideal candidate will have hands-on experience in digital media and be able to work independently and within a team. Responsibilities include day-to-day operational tasks, reporting, and collaboration with other departments.",hiring senior digital media specialist required skills copywriting google analytics video editing content strategy seo ideal candidate hands experience digital media able work independently within team responsibilities include day day operational tasks reporting collaboration departments
77,DIGITAL-MEDIA,Junior Digital Media Specialist,google analytics; seo; video editing; content strategy; copywriting,"We are hiring a Junior Digital Media Specialist. Required skills: google analytics, seo, video editing, content strategy, copywriting. The ideal candidate will have hands-on experience in digital media and be able to work independently and within a team. Responsibilities include day-to-day operational tasks, reporting, and collaboration with other departments.",hiring junior digital media specialist required skills google analytics seo video editing content strategy copywriting ideal candidate hands experience digital media able work independently within team responsibilities include day day operational tasks reporting collaboration departments
78,DIGITAL-MEDIA,Senior Digital Media Specialist,video editing; seo; copywriting,"We are hiring a Senior Digital Media Specialist. Required skills: video editing, seo, copywriting. The ideal candidate will have hands-on experience in digital media and be able to work independently and within a team. Responsibilities include day-to-day operational tasks, reporting, and collaboration with other departments.",hiring senior digital media specialist required skills video editing seo copywriting ideal candidate hands experience digital media able work independently within team responsibilities include day day operational tasks reporting collaboration departments
79,AUTOMOBILE,Senior Automobile Specialist,vehicle diagnostics; maintenance scheduling; engine repair; automotive systems; quality inspection,"We are hiring a Senior Automobile Specialist. Required skills: vehicle diagnostics, maintenance scheduling, engine repair, automotive systems, quality inspection. The ideal candidate will have hands-on experience in automobile and be able to work independently and within a team. Responsibilities include day-to-day operational tasks, reporting, and collaboration with other departments.",hiring senior automobile specialist required skills vehicle diagnostics maintenance scheduling engine repair automotive systems quality inspection ideal candidate hands experience automobile able work independently within team responsibilities include day day operational tasks reporting collaboration departments
80,AUTOMOBILE,Mid-level Automobile Specialist,vehicle diagnostics; automotive systems; maintenance scheduling; quality inspection,"We are hiring a Mid-level Automobile Specialist. Required skills: vehicle diagnostics, automotive systems, maintenance scheduling, quality inspection. The ideal candidate will have hands-on experience in automobile and be able to work independently and within a team. Responsibilities include day-to-day operational tasks, reporting, and collaboration with other departments.",hiring mid level automobile specialist required skills vehicle diagnostics automotive systems maintenance scheduling quality inspection ideal candidate hands experience automobile able work independently within team responsibilities include day day operational tasks reporting collaboration departments
81,AUTOMOBILE,Junior Automobile Specialist,maintenance scheduling; quality inspection; vehicle diagnostics; automotive systems; engine repair,"We are hiring a Junior Automobile Specialist. Required skills: maintenance scheduling, quality inspection, vehicle diagnostics, automotive systems, engine repair. The ideal candidate will have hands-on experience in automobile and be able to work independently and within a team. Responsibilities include day-to-day operational tasks, reporting, and collaboration with other departments.",hiring junior automobile specialist required skills maintenance scheduling quality inspection vehicle diagnostics automotive systems engine repair ideal candidate hands experience automobile able work independently within team responsibilities include day day operational tasks reporting collaboration departments
82,AUTOMOBILE,Mid-level Automobile Specialist,vehicle diagnostics; engine repair; automotive systems,"We are hiring a Mid-level Automobile Specialist. Required skills: vehicle diagnostics, engine repair, automotive systems. The ideal candidate will have hands-on experience in automobile and be able to work independently and within a team. Responsibilities include day-to-day operational tasks, reporting, and collaboration with other departments.",hiring mid level automobile specialist required skills vehicle diagnostics engine repair automotive systems ideal candidate hands experience automobile able work independently within team responsibilities include day day operational tasks reporting collaboration departments
83,AUTOMOBILE,Senior Automobile Specialist,maintenance scheduling; quality inspection; engine repair; automotive systems; vehicle diagnostics,"We are hiring a Senior Automobile Specialist. Required skills: maintenance scheduling, quality inspection, engine repair, automotive systems, vehicle diagnostics. The ideal candidate will have hands-on experience in automobile and be able to work independently and within a team. Responsibilities include day-to-day operational tasks, reporting, and collaboration with other departments.",hiring senior automobile specialist required skills maintenance scheduling quality inspection engine repair automotive systems vehicle diagnostics ideal candidate hands experience automobile able work independently within team responsibilities include day day operational tasks reporting collaboration departments
84,AUTOMOBILE,Senior Automobile Specialist,maintenance scheduling; quality inspection; engine repair; automotive systems,"We are hiring a Senior Automobile Specialist. Required skills: maintenance scheduling, quality inspection, engine repair, automotive systems. The ideal candidate will have hands-on experience in automobile and be able to work independently and within a team. Responsibilities include day-to-day operational tasks, reporting, and collaboration with other departments.",hiring senior automobile specialist required skills maintenance scheduling quality inspection engine repair automotive systems ideal candidate hands experience automobile able work independently within team responsibilities include day day operational tasks reporting collaboration departments
85,CHEF,Senior Chef Specialist,inventory management; food safety; plating; menu planning; kitchen management,"We are hiring a Senior Chef Specialist. Required skills: inventory management, food safety, plating, menu planning, kitchen management. The ideal candidate will have hands-on experience in chef and be able to work independently and within a team. Responsibilities include day-to-day operational tasks, reporting, and collaboration with other departments.",hiring senior chef specialist required skills inventory management food safety plating menu planning kitchen management ideal candidate hands experience chef able work independently within team responsibilities include day day operational tasks reporting collaboration departments
86,CHEF,Mid-level Chef Specialist,plating; food safety; menu planning; kitchen management; culinary techniques,"We are hiring a Mid-level Chef Specialist. Required skills: plating, food safety, menu planning, kitchen management, culinary techniques. The ideal candidate will have hands-on experience in chef and be able to work independently and within a team. Responsibilities include day-to-day operational tasks, reporting, and collaboration with other departments.",hiring mid level chef specialist required skills plating food safety menu planning kitchen management culinary techniques ideal candidate hands experience chef able work independently within team responsibilities include day day operational tasks reporting collaboration departments
87,CHEF,Junior Chef Specialist,menu planning; inventory management; food safety; culinary techniques; kitchen management,"We are hiring a Junior Chef Specialist. Required skills: menu planning, inventory management, food safety, culinary techniques, kitchen management. The ideal candidate will have hands-on experience in chef and be able to work independently and within a team. Responsibilities include day-to-day operational tasks, reporting, and collaboration with other departments.",hiring junior chef specialist required skills menu planning inventory management food safety culinary techniques kitchen management ideal candidate hands experience chef able work independently within team responsibilities include day day operational tasks reporting collaboration departments
88,CHEF,Mid-level Chef Specialist,menu planning; food safety; kitchen management; culinary techniques; plating,"We are hiring a Mid-level Chef Specialist. Required skills: menu planning, food safety, kitchen management, culinary techniques, plating. The ideal candidate will have hands-on experience in chef and be able to work independently and within a team. Responsibilities include day-to-day operational tasks, reporting, and collaboration with other departments.",hiring mid level chef specialist required skills menu planning food safety kitchen management culinary techniques plating ideal candidate hands experience chef able work independently within team responsibilities include day day operational tasks reporting collaboration departments
89,CHEF,Junior Chef Specialist,culinary techniques; kitchen management; plating; food safety; menu planning; inventory management,"We are hiring a Junior Chef Specialist. Required skills: culinary techniques, kitchen management, plating, food safety, menu planning, inventory management. The ideal candidate will have hands-on experience in chef and be able to work independently and within a team. Responsibilities include day-to-day operational tasks, reporting, and collaboration with other departments.",hiring junior chef specialist required skills culinary techniques kitchen management plating food safety menu planning inventory management ideal candidate hands experience chef able work independently within team responsibilities include day day operational tasks reporting collaboration departments
90,CHEF,Senior Chef Specialist,inventory management; culinary techniques; menu planning; food safety; plating,"We are hiring a Senior Chef Specialist. Required skills: inventory management, culinary techniques, menu planning, food safety, plating. The ideal candidate will have hands-on experience in chef and be able to work independently and within a team. Responsibilities include day-to-day operational tasks, reporting, and collaboration with other departments.",hiring senior chef specialist required skills inventory management culinary techniques menu planning food safety plating ideal candidate hands experience chef able work independently within team responsibilities include day day operational tasks reporting collaboration departments
91,FINANCE,Senior Finance Specialist,budgeting; risk analysis; financial reporting,"We are hiring a Senior Finance Specialist. Required skills: budgeting, risk analysis, financial reporting. The ideal candidate will have hands-on experience in finance and be able to work independently and within a team. Responsibilities include day-to-day operational tasks, reporting, and collaboration with other departments.",hiring senior finance specialist required skills budgeting risk analysis financial reporting ideal candidate hands experience finance able work independently within team responsibilities include day day operational tasks reporting collaboration departments
92,FINANCE,Senior Finance Specialist,risk analysis; financial reporting; financial modeling; excel; budgeting; forecasting,"We are hiring a Senior Finance Specialist. Required skills: risk analysis, financial reporting, financial modeling, excel, budgeting, forecasting. The ideal candidate will have hands-on experience in finance and be able to work independently and within a team. Responsibilities include day-to-day operational tasks, reporting, and collaboration with other departments.",hiring senior finance specialist required skills risk analysis financial reporting financial modeling excel budgeting forecasting ideal candidate hands experience finance able work independently within team responsibilities include day day operational tasks reporting collaboration departments
93,FINANCE,Junior Finance Specialist,excel; budgeting; forecasting,"We are hiring a Junior Finance Specialist. Required skills: excel, budgeting, forecasting. The ideal candidate will have hands-on experience in finance and be able to work independently and within a team. Responsibilities include day-to-day operational tasks, reporting, and collaboration with other departments.",hiring junior finance specialist required skills excel budgeting forecasting ideal candidate hands experience finance able work independently within team responsibilities include day day operational tasks reporting collaboration departments
94,FINANCE,Mid-level Finance Specialist,financial reporting; financial modeling; budgeting; excel; forecasting,"We are hiring a Mid-level Finance Specialist. Required skills: financial reporting, financial modeling, budgeting, excel, forecasting. The ideal candidate will have hands-on experience in finance and be able to work independently and within a team. Responsibilities include day-to-day operational tasks, reporting, and collaboration with other departments.",hiring mid level finance specialist required skills financial reporting financial modeling budgeting excel forecasting ideal candidate hands experience finance able work independently within team responsibilities include day day operational tasks reporting collaboration departments
95,FINANCE,Mid-level Finance Specialist,financial modeling; risk analysis; forecasting; financial reporting; budgeting,"We are hiring a Mid-level Finance Specialist. Required skills: financial modeling, risk analysis, forecasting, financial reporting, budgeting. The ideal candidate will have hands-on experience in finance and be able to work independently and within a team. Responsibilities include day-to-day operational tasks, reporting, and collaboration with other departments.",hiring mid level finance specialist required skills financial modeling risk analysis forecasting financial reporting budgeting ideal candidate hands experience finance able work independently within team responsibilities include day day operational tasks reporting collaboration departments
96,FINANCE,Junior Finance Specialist,excel; budgeting; financial reporting; forecasting; financial modeling,"We are hiring a Junior Finance Specialist. Required skills: excel, budgeting, financial reporting, forecasting, financial modeling. The ideal candidate will have hands-on experience in finance and be able to work independently and within a team. Responsibilities include day-to-day operational tasks, reporting, and collaboration with other departments.",hiring junior finance specialist required skills excel budgeting financial reporting forecasting financial modeling ideal candidate hands experience finance able work independently within team responsibilities include day day operational tasks reporting collaboration departments
97,APPAREL,Senior Apparel Specialist,fashion design; merchandising; textile knowledge,"We are hiring a Senior Apparel Specialist. Required skills: fashion design, merchandising, textile knowledge. The ideal candidate will have hands-on experience in apparel and be able to work independently and within a team. Responsibilities include day-to-day operational tasks, reporting, and collaboration with other departments.",hiring senior apparel specialist required skills fashion design merchandising textile knowledge ideal candidate hands experience apparel able work independently within team responsibilities include day day operational tasks reporting collaboration departments
98,APPAREL,Senior Apparel Specialist,fashion design; textile knowledge; pattern making; trend forecasting; merchandising,"We are hiring a Senior Apparel Specialist. Required skills: fashion design, textile knowledge, pattern making, trend forecasting, merchandising. The ideal candidate will have hands-on experience in apparel and be able to work independently and within a team. Responsibilities include day-to-day operational tasks, reporting, and collaboration with other departments.",hiring senior apparel specialist required skills fashion design textile knowledge pattern making trend forecasting merchandising ideal candidate hands experience apparel able work independently within team responsibilities include day day operational tasks reporting collaboration departments
99,APPAREL,Senior Apparel Specialist,pattern making; fashion design; trend forecasting; merchandising,"We are hiring a Senior Apparel Specialist. Required skills: pattern making, fashion design, trend forecasting, merchandising. The ideal candidate will have hands-on experience in apparel and be able to work independently and within a team. Responsibilities include day-to-day operational tasks, reporting, and collaboration with other departments.",hiring senior apparel specialist required skills pattern making fashion design trend forecasting merchandising ideal candidate hands experience apparel able work independently within team responsibilities include day day operational tasks reporting collaboration departments
100,APPAREL,Senior Apparel Specialist,fashion design; pattern making; merchandising; trend forecasting; textile knowledge,"We are hiring a Senior Apparel Specialist. Required skills: fashion design, pattern making, merchandising, trend forecasting, textile knowledge. The ideal candidate will have hands-on experience in apparel and be able to work independently and within a team. Responsibilities include day-to-day operational tasks, reporting, and collaboration with other departments.",hiring senior apparel specialist required skills fashion design pattern making merchandising trend forecasting textile knowledge ideal candidate hands experience apparel able work independently within team responsibilities include day day operational tasks reporting collaboration departments
101,APPAREL,Senior Apparel Specialist,merchandising; fashion design; trend forecasting; textile knowledge; pattern making,"We are hiring a Senior Apparel Specialist. Required skills: merchandising, fashion design, trend forecasting, textile knowledge, pattern making. The ideal candidate will have hands-on experience in apparel and be able to work independently and within a team. Responsibilities include day-to-day operational tasks, reporting, and collaboration with other departments.",hiring senior apparel specialist required skills merchandising fashion design trend forecasting textile knowledge pattern making ideal candidate hands experience apparel able work independently within team responsibilities include day day operational tasks reporting collaboration departments
102,APPAREL,Junior Apparel Specialist,textile knowledge; pattern making; trend forecasting; merchandising; fashion design,"We are hiring a Junior Apparel Specialist. Required skills: textile knowledge, pattern making, trend forecasting, merchandising, fashion design. The ideal candidate will have hands-on experience in apparel and be able to work independently and within a team. Responsibilities include day-to-day operational tasks, reporting, and collaboration with other departments.",hiring junior apparel specialist required skills textile knowledge pattern making trend forecasting merchandising fashion design ideal candidate hands experience apparel able work independently within team responsibilities include day day operational tasks reporting collaboration departments
103,ENGINEERING,Senior Engineering Specialist,solidworks; quality control; matlab; structural analysis; project management,"We are hiring a Senior Engineering Specialist. Required skills: solidworks, quality control, matlab, structural analysis, project management. The ideal candidate will have hands-on experience in engineering and be able to work independently and within a team. Responsibilities include day-to-day operational tasks, reporting, and collaboration with other departments.",hiring senior engineering specialist required skills solidworks quality control matlab structural analysis project management ideal candidate hands experience engineering able work independently within team responsibilities include day day operational tasks reporting collaboration departments
104,ENGINEERING,Junior Engineering Specialist,quality control; structural analysis; matlab,"We are hiring a Junior Engineering Specialist. Required skills: quality control, structural analysis, matlab. The ideal candidate will have hands-on experience in engineering and be able to work independently and within a team. Responsibilities include day-to-day operational tasks, reporting, and collaboration with other departments.",hiring junior engineering specialist required skills quality control structural analysis matlab ideal candidate hands experience engineering able work independently within team responsibilities include day day operational tasks reporting collaboration departments
105,ENGINEERING,Mid-level Engineering Specialist,project management; solidworks; structural analysis; matlab; quality control,"We are hiring a Mid-level Engineering Specialist. Required skills: project management, solidworks, structural analysis, matlab, quality control. The ideal candidate will have hands-on experience in engineering and be able to work independently and within a team. Responsibilities include day-to-day operational tasks, reporting, and collaboration with other departments.",hiring mid level engineering specialist required skills project management solidworks structural analysis matlab quality control ideal candidate hands experience engineering able work independently within team responsibilities include day day operational tasks reporting collaboration departments
106,ENGINEERING,Mid-level Engineering Specialist,solidworks; matlab; structural analysis,"We are hiring a Mid-level Engineering Specialist. Required skills: solidworks, matlab, structural analysis. The ideal candidate will have hands-on experience in engineering and be able to work independently and within a team. Responsibilities include day-to-day operational tasks, reporting, and collaboration with other departments.",hiring mid level engineering specialist required skills solidworks matlab structural analysis ideal candidate hands experience engineering able work independently within team responsibilities include day day operational tasks reporting collaboration departments
107,ENGINEERING,Senior Engineering Specialist,project management; structural analysis; solidworks,"We are hiring a Senior Engineering Specialist. Required skills: project management, structural analysis, solidworks. The ideal candidate will have hands-on experience in engineering and be able to work independently and within a team. Responsibilities include day-to-day operational tasks, reporting, and collaboration with other departments.",hiring senior engineering specialist required skills project management structural analysis solidworks ideal candidate hands experience engineering able work independently within team responsibilities include day day operational tasks reporting collaboration departments
108,ENGINEERING,Junior Engineering Specialist,matlab; cad; solidworks; quality control; structural analysis; project management,"We are hiring a Junior Engineering Specialist. Required skills: matlab, cad, solidworks, quality control, structural analysis, project management. The ideal candidate will have hands-on experience in engineering and be able to work independently and within a team. Responsibilities include day-to-day operational tasks, reporting, and collaboration with other departments.",hiring junior engineering specialist required skills matlab cad solidworks quality control structural analysis project management ideal candidate hands experience engineering able work independently within team responsibilities include day day operational tasks reporting collaboration departments
109,ACCOUNTANT,Senior Accountant Specialist,tax preparation; accounts reconciliation; bookkeeping; quickbooks; gaap; financial statements,"We are hiring a Senior Accountant Specialist. Required skills: tax preparation, accounts reconciliation, bookkeeping, quickbooks, gaap, financial statements. The ideal candidate will have hands-on experience in accountant and be able to work independently and within a team. Responsibilities include day-to-day operational tasks, reporting, and collaboration with other departments.",hiring senior accountant specialist required skills tax preparation accounts reconciliation bookkeeping quickbooks gaap financial statements ideal candidate hands experience accountant able work independently within team responsibilities include day day operational tasks reporting collaboration departments
110,ACCOUNTANT,Senior Accountant Specialist,financial statements; gaap; accounts reconciliation; tax preparation,"We are hiring a Senior Accountant Specialist. Required skills: financial statements, gaap, accounts reconciliation, tax preparation. The ideal candidate will have hands-on experience in accountant and be able to work independently and within a team. Responsibilities include day-to-day operational tasks, reporting, and collaboration with other departments.",hiring senior accountant specialist required skills financial statements gaap accounts reconciliation tax preparation ideal candidate hands experience accountant able work independently within team responsibilities include day day operational tasks reporting collaboration departments
111,ACCOUNTANT,Mid-level Accountant Specialist,accounts reconciliation; gaap; financial statements; quickbooks; tax preparation; bookkeeping,"We are hiring a Mid-level Accountant Specialist. Required skills: accounts reconciliation, gaap, financial statements, quickbooks, tax preparation, bookkeeping. The ideal candidate will have hands-on experience in accountant and be able to work independently and within a team. Responsibilities include day-to-day operational tasks, reporting, and collaboration with other departments.",hiring mid level accountant specialist required skills accounts reconciliation gaap financial statements quickbooks tax preparation bookkeeping ideal candidate hands experience accountant able work independently within team responsibilities include day day operational tasks reporting collaboration departments
112,ACCOUNTANT,Junior Accountant Specialist,accounts reconciliation; tax preparation; financial statements; quickbooks; bookkeeping,"We are hiring a Junior Accountant Specialist. Required skills: accounts reconciliation, tax preparation, financial statements, quickbooks, bookkeeping. The ideal candidate will have hands-on experience in accountant and be able to work independently and within a team. Responsibilities include day-to-day operational tasks, reporting, and collaboration with other departments.",hiring junior accountant specialist required skills accounts reconciliation tax preparation financial statements quickbooks bookkeeping ideal candidate hands experience accountant able work independently within team responsibilities include day day operational tasks reporting collaboration departments
113,ACCOUNTANT,Mid-level Accountant Specialist,bookkeeping; gaap; quickbooks; tax preparation; accounts reconciliation,"We are hiring a Mid-level Accountant Specialist. Required skills: bookkeeping, gaap, quickbooks, tax preparation, accounts reconciliation. The ideal candidate will have hands-on experience in accountant and be able to work independently and within a team. Responsibilities include day-to-day operational tasks, reporting, and collaboration with other departments.",hiring mid level accountant specialist required skills bookkeeping gaap quickbooks tax preparation accounts reconciliation ideal candidate hands experience accountant able work independently within team responsibilities include day day operational tasks reporting collaboration departments
114,ACCOUNTANT,Junior Accountant Specialist,gaap; tax preparation; financial statements,"We are hiring a Junior Accountant Specialist. Required skills: gaap, tax preparation, financial statements. The ideal candidate will have hands-on experience in accountant and be able to work independently and within a team. Responsibilities include day-to-day operational tasks, reporting, and collaboration with other departments.",hiring junior accountant specialist required skills gaap tax preparation financial statements ideal candidate hands experience accountant able work independently within team responsibilities include day day operational tasks reporting collaboration departments
115,CONSTRUCTION,Mid-level Construction Specialist,site safety; blueprint reading; equipment operation; cost estimation; project scheduling,"We are hiring a Mid-level Construction Specialist. Required skills: site safety, blueprint reading, equipment operation, cost estimation, project scheduling. The ideal candidate will have hands-on experience in construction and be able to work independently and within a team. Responsibilities include day-to-day operational tasks, reporting, and collaboration with other departments.",hiring mid level construction specialist required skills site safety blueprint reading equipment operation cost estimation project scheduling ideal candidate hands experience construction able work independently within team responsibilities include day day operational tasks reporting collaboration departments
116,CONSTRUCTION,Mid-level Construction Specialist,equipment operation; blueprint reading; cost estimation; site safety,"We are hiring a Mid-level Construction Specialist. Required skills: equipment operation, blueprint reading, cost estimation, site safety. The ideal candidate will have hands-on experience in construction and be able to work independently and within a team. Responsibilities include day-to-day operational tasks, reporting, and collaboration with other departments.",hiring mid level construction specialist required skills equipment operation blueprint reading cost estimation site safety ideal candidate hands experience construction able work independently within team responsibilities include day day operational tasks reporting collaboration departments
117,CONSTRUCTION,Senior Construction Specialist,site safety; cost estimation; equipment operation; blueprint reading; project scheduling,"We are hiring a Senior Construction Specialist. Required skills: site safety, cost estimation, equipment operation, blueprint reading, project scheduling. The ideal candidate will have hands-on experience in construction and be able to work independently and within a team. Responsibilities include day-to-day operational tasks, reporting, and collaboration with other departments.",hiring senior construction specialist required skills site safety cost estimation equipment operation blueprint reading project scheduling ideal candidate hands experience construction able work independently within team responsibilities include day day operational tasks reporting collaboration departments
118,CONSTRUCTION,Senior Construction Specialist,cost estimation; blueprint reading; equipment operation; project scheduling; site safety,"We are hiring a Senior Construction Specialist. Required skills: cost estimation, blueprint reading, equipment operation, project scheduling, site safety. The ideal candidate will have hands-on experience in construction and be able to work independently and within a team. Responsibilities include day-to-day operational tasks, reporting, and collaboration with other departments.",hiring senior construction specialist required skills cost estimation blueprint reading equipment operation project scheduling site safety ideal candidate hands experience construction able work independently within team responsibilities include day day operational tasks reporting collaboration departments
119,CONSTRUCTION,Mid-level Construction Specialist,project scheduling; equipment operation; site safety; blueprint reading; cost estimation,"We are hiring a Mid-level Construction Specialist. Required skills: project scheduling, equipment operation, site safety, blueprint reading, cost estimation. The ideal candidate will have hands-on experience in construction and be able to work independently and within a team. Responsibilities include day-to-day operational tasks, reporting, and collaboration with other departments.",hiring mid level construction specialist required skills project scheduling equipment operation site safety blueprint reading cost estimation ideal candidate hands experience construction able work independently within team responsibilities include day day operational tasks reporting collaboration departments
120,CONSTRUCTION,Mid-level Construction Specialist,cost estimation; site safety; equipment operation,"We are hiring a Mid-level Construction Specialist. Required skills: cost estimation, site safety, equipment operation. The ideal candidate will have hands-on experience in construction and be able to work independently and within a team. Responsibilities include day-to-day operational tasks, reporting, and collaboration with other departments.",hiring mid level construction specialist required skills cost estimation site safety equipment operation ideal candidate hands experience construction able work independently within team responsibilities include day day operational tasks reporting collaboration departments
121,PUBLIC-RELATIONS,Mid-level Public Relations Specialist,crisis communication; press releases; media relations,"We are hiring a Mid-level Public Relations Specialist. Required skills: crisis communication, press releases, media relations. The ideal candidate will have hands-on experience in public relations and be able to work independently and within a team. Responsibilities include day-to-day operational tasks, reporting, and collaboration with other departments.",hiring mid level public relations specialist required skills crisis communication press releases media relations ideal candidate hands experience public relations able work independently within team responsibilities include day day operational tasks reporting collaboration departments
122,PUBLIC-RELATIONS,Senior Public Relations Specialist,press releases; event planning; brand messaging,"We are hiring a Senior Public Relations Specialist. Required skills: press releases, event planning, brand messaging. The ideal candidate will have hands-on experience in public relations and be able to work independently and within a team. Responsibilities include day-to-day operational tasks, reporting, and collaboration with other departments.",hiring senior public relations specialist required skills press releases event planning brand messaging ideal candidate hands experience public relations able work independently within team responsibilities include day day operational tasks reporting collaboration departments
123,PUBLIC-RELATIONS,Senior Public Relations Specialist,press releases; event planning; media relations; crisis communication; brand messaging,"We are hiring a Senior Public Relations Specialist. Required skills: press releases, event planning, media relations, crisis communication, brand messaging. The ideal candidate will have hands-on experience in public relations and be able to work independently and within a team. Responsibilities include day-to-day operational tasks, reporting, and collaboration with other departments.",hiring senior public relations specialist required skills press releases event planning media relations crisis communication brand messaging ideal candidate hands experience public relations able work independently within team responsibilities include day day operational tasks reporting collaboration departments
124,PUBLIC-RELATIONS,Senior Public Relations Specialist,brand messaging; media relations; crisis communication; press releases,"We are hiring a Senior Public Relations Specialist. Required skills: brand messaging, media relations, crisis communication, press releases. The ideal candidate will have hands-on experience in public relations and be able to work independently and within a team. Responsibilities include day-to-day operational tasks, reporting, and collaboration with other departments.",hiring senior public relations specialist required skills brand messaging media relations crisis communication press releases ideal candidate hands experience public relations able work independently within team responsibilities include day day operational tasks reporting collaboration departments
125,PUBLIC-RELATIONS,Mid-level Public Relations Specialist,crisis communication; event planning; press releases; brand messaging,"We are hiring a Mid-level Public Relations Specialist. Required skills: crisis communication, event planning, press releases, brand messaging. The ideal candidate will have hands-on experience in public relations and be able to work independently and within a team. Responsibilities include day-to-day operational tasks, reporting, and collaboration with other departments.",hiring mid level public relations specialist required skills crisis communication event planning press releases brand messaging ideal candidate hands experience public relations able work independently within team responsibilities include day day operational tasks reporting collaboration departments
126,PUBLIC-RELATIONS,Junior Public Relations Specialist,media relations; event planning; brand messaging; crisis communication,"We are hiring a Junior Public Relations Specialist. Required skills: media relations, event planning, brand messaging, crisis communication. The ideal candidate will have hands-on experience in public relations and be able to work independently and within a team. Responsibilities include day-to-day operational tasks, reporting, and collaboration with other departments.",hiring junior public relations specialist required skills media relations event planning brand messaging crisis communication ideal candidate hands experience public relations able work independently within team responsibilities include day day operational tasks reporting collaboration departments
127,BANKING,Senior Banking Specialist,compliance; financial products; risk assessment,"We are hiring a Senior Banking Specialist. Required skills: compliance, financial products, risk assessment. The ideal candidate will have hands-on experience in banking and be able to work independently and within a team. Responsibilities include day-to-day operational tasks, reporting, and collaboration with other departments.",hiring senior banking specialist required skills compliance financial products risk assessment ideal candidate hands experience banking able work independently within team responsibilities include day day operational tasks reporting collaboration departments
128,BANKING,Senior Banking Specialist,financial products; loan processing; compliance; risk assessment; kyc; customer onboarding,"We are hiring a Senior Banking Specialist. Required skills: financial products, loan processing, compliance, risk assessment, kyc, customer onboarding. The ideal candidate will have hands-on experience in banking and be able to work independently and within a team. Responsibilities include day-to-day operational tasks, reporting, and collaboration with other departments.",hiring senior banking specialist required skills financial products loan processing compliance risk assessment kyc customer onboarding ideal candidate hands experience banking able work independently within team responsibilities include day day operational tasks reporting collaboration departments
129,BANKING,Mid-level Banking Specialist,customer onboarding; financial products; kyc; compliance; risk assessment,"We are hiring a Mid-level Banking Specialist. Required skills: customer onboarding, financial products, kyc, compliance, risk assessment. The ideal candidate will have hands-on experience in banking and be able to work independently and within a team. Responsibilities include day-to-day operational tasks, reporting, and collaboration with other departments.",hiring mid level banking specialist required skills customer onboarding financial products kyc compliance risk assessment ideal candidate hands experience banking able work independently within team responsibilities include day day operational tasks reporting collaboration departments
130,BANKING,Mid-level Banking Specialist,customer onboarding; compliance; kyc; financial products,"We are hiring a Mid-level Banking Specialist. Required skills: customer onboarding, compliance, kyc, financial products. The ideal candidate will have hands-on experience in banking and be able to work independently and within a team. Responsibilities include day-to-day operational tasks, reporting, and collaboration with other departments.",hiring mid level banking specialist required skills customer onboarding compliance kyc financial products ideal candidate hands experience banking able work independently within team responsibilities include day day operational tasks reporting collaboration departments
131,BANKING,Senior Banking Specialist,financial products; loan processing; risk assessment,"We are hiring a Senior Banking Specialist. Required skills: financial products, loan processing, risk assessment. The ideal candidate will have hands-on experience in banking and be able to work independently and within a team. Responsibilities include day-to-day operational tasks, reporting, and collaboration with other departments.",hiring senior banking specialist required skills financial products loan processing risk assessment ideal candidate hands experience banking able work independently within team responsibilities include day day operational tasks reporting collaboration departments
132,BANKING,Senior Banking Specialist,customer onboarding; risk assessment; loan processing; compliance,"We are hiring a Senior Banking Specialist. Required skills: customer onboarding, risk assessment, loan processing, compliance. The ideal candidate will have hands-on experience in banking and be able to work independently and within a team. Responsibilities include day-to-day operational tasks, reporting, and collaboration with other departments.",hiring senior banking specialist required skills customer onboarding risk assessment loan processing compliance ideal candidate hands experience banking able work independently within team responsibilities include day day operational tasks reporting collaboration departments
133,ARTS,Senior Arts Specialist,portfolio development; illustration; sculpture; creative direction; exhibition curation,"We are hiring a Senior Arts Specialist. Required skills: portfolio development, illustration, sculpture, creative direction, exhibition curation. The ideal candidate will have hands-on experience in arts and be able to work independently and within a team. Responsibilities include day-to-day operational tasks, reporting, and collaboration with other departments.",hiring senior arts specialist required skills portfolio development illustration sculpture creative direction exhibition curation ideal candidate hands experience arts able work independently within team responsibilities include day day operational tasks reporting collaboration departments
134,ARTS,Junior Arts Specialist,sculpture; exhibition curation; creative direction; portfolio development; illustration,"We are hiring a Junior Arts Specialist. Required skills: sculpture, exhibition curation, creative direction, portfolio development, illustration. The ideal candidate will have hands-on experience in arts and be able to work independently and within a team. Responsibilities include day-to-day operational tasks, reporting, and collaboration with other departments.",hiring junior arts specialist required skills sculpture exhibition curation creative direction portfolio development illustration ideal candidate hands experience arts able work independently within team responsibilities include day day operational tasks reporting collaboration departments
135,ARTS,Senior Arts Specialist,sculpture; illustration; portfolio development; creative direction; exhibition curation,"We are hiring a Senior Arts Specialist. Required skills: sculpture, illustration, portfolio development, creative direction, exhibition curation. The ideal candidate will have hands-on experience in arts and be able to work independently and within a team. Responsibilities include day-to-day operational tasks, reporting, and collaboration with other departments.",hiring senior arts specialist required skills sculpture illustration portfolio development creative direction exhibition curation ideal candidate hands experience arts able work independently within team responsibilities include day day operational tasks reporting collaboration departments
136,ARTS,Junior Arts Specialist,exhibition curation; portfolio development; illustration; creative direction,"We are hiring a Junior Arts Specialist. Required skills: exhibition curation, portfolio development, illustration, creative direction. The ideal candidate will have hands-on experience in arts and be able to work independently and within a team. Responsibilities include day-to-day operational tasks, reporting, and collaboration with other departments.",hiring junior arts specialist required skills exhibition curation portfolio development illustration creative direction ideal candidate hands experience arts able work independently within team responsibilities include day day operational tasks reporting collaboration departments
137,ARTS,Senior Arts Specialist,illustration; sculpture; portfolio development; creative direction,"We are hiring a Senior Arts Specialist. Required skills: illustration, sculpture, portfolio development, creative direction. The ideal candidate will have hands-on experience in arts and be able to work independently and within a team. Responsibilities include day-to-day operational tasks, reporting, and collaboration with other departments.",hiring senior arts specialist required skills illustration sculpture portfolio development creative direction ideal candidate hands experience arts able work independently within team responsibilities include day day operational tasks reporting collaboration departments
138,ARTS,Junior Arts Specialist,creative direction; sculpture; portfolio development; exhibition curation; illustration,"We are hiring a Junior Arts Specialist. Required skills: creative direction, sculpture, portfolio development, exhibition curation, illustration. The ideal candidate will have hands-on experience in arts and be able to work independently and within a team. Responsibilities include day-to-day operational tasks, reporting, and collaboration with other departments.",hiring junior arts specialist required skills creative direction sculpture portfolio development exhibition curation illustration ideal candidate hands experience arts able work independently within team responsibilities include day day operational tasks reporting collaboration departments
139,AVIATION,Senior Aviation Specialist,regulatory compliance; air traffic coordination; flight operations; aviation safety; aircraft maintenance,"We are hiring a Senior Aviation Specialist. Required skills: regulatory compliance, air traffic coordination, flight operations, aviation safety, aircraft maintenance. The ideal candidate will have hands-on experience in aviation and be able to work independently and within a team. Responsibilities include day-to-day operational tasks, reporting, and collaboration with other departments.",hiring senior aviation specialist required skills regulatory compliance air traffic coordination flight operations aviation safety aircraft maintenance ideal candidate hands experience aviation able work independently within team responsibilities include day day operational tasks reporting collaboration departments
140,AVIATION,Junior Aviation Specialist,aircraft maintenance; flight operations; air traffic coordination; regulatory compliance; aviation safety,"We are hiring a Junior Aviation Specialist. Required skills: aircraft maintenance, flight operations, air traffic coordination, regulatory compliance, aviation safety. The ideal candidate will have hands-on experience in aviation and be able to work independently and within a team. Responsibilities include day-to-day operational tasks, reporting, and collaboration with other departments.",hiring junior aviation specialist required skills aircraft maintenance flight operations air traffic coordination regulatory compliance aviation safety ideal candidate hands experience aviation able work independently within team responsibilities include day day operational tasks reporting collaboration departments
141,AVIATION,Senior Aviation Specialist,aircraft maintenance; aviation safety; regulatory compliance; air traffic coordination; flight operations,"We are hiring a Senior Aviation Specialist. Required skills: aircraft maintenance, aviation safety, regulatory compliance, air traffic coordination, flight operations. The ideal candidate will have hands-on experience in aviation and be able to work independently and within a team. Responsibilities include day-to-day operational tasks, reporting, and collaboration with other departments.",hiring senior aviation specialist required skills aircraft maintenance aviation safety regulatory compliance air traffic coordination flight operations ideal candidate hands experience aviation able work independently within team responsibilities include day day operational tasks reporting collaboration departments
142,AVIATION,Senior Aviation Specialist,aircraft maintenance; aviation safety; air traffic coordination,"We are hiring a Senior Aviation Specialist. Required skills: aircraft maintenance, aviation safety, air traffic coordination. The ideal candidate will have hands-on experience in aviation and be able to work independently and within a team. Responsibilities include day-to-day operational tasks, reporting, and collaboration with other departments.",hiring senior aviation specialist required skills aircraft maintenance aviation safety air traffic coordination ideal candidate hands experience aviation able work independently within team responsibilities include day day operational tasks reporting collaboration departments
143,AVIATION,Senior Aviation Specialist,aviation safety; air traffic coordination; aircraft maintenance; regulatory compliance,"We are hiring a Senior Aviation Specialist. Required skills: aviation safety, air traffic coordination, aircraft maintenance, regulatory compliance. The ideal candidate will have hands-on experience in aviation and be able to work independently and within a team. Responsibilities include day-to-day operational tasks, reporting, and collaboration with other departments.",hiring senior aviation specialist required skills aviation safety air traffic coordination aircraft maintenance regulatory compliance ideal candidate hands experience aviation able work independently within team responsibilities include day day operational tasks reporting collaboration departments
144,AVIATION,Junior Aviation Specialist,aircraft maintenance; aviation safety; regulatory compliance; air traffic coordination; flight operations,"We are hiring a Junior Aviation Specialist. Required skills: aircraft maintenance, aviation safety, regulatory compliance, air traffic coordination, flight operations. The ideal candidate will have hands-on experience in aviation and be able to work independently and within a team. Responsibilities include day-to-day operational tasks, reporting, and collaboration with other departments.",hiring junior aviation specialist required skills aircraft maintenance aviation safety regulatory compliance air traffic coordination flight operations ideal candidate hands experience aviation able work independently within team responsibilities include day day operational tasks reporting collaboration departments
